subid,list
ff,1
practice,1
test,1
test,1
test2,2
test,1
erica_1,1
erica_1,1
erica_1,1
erica_1,1
erica_1,1
erica_1,1
Erica-2,1
Erica-2,1
Erica-2,1
pr2,1
pr2,1
Ff,1
Ff,1
Ff,1
Ff,1
Ff,1
141120-01-sc,1
141120-01-sc,1
141120-01-sc,1
141120-01-sc,1
141120-01-sc,1
141120-01-sc,1
141120-01-sc,1
141120-01-sc,1
141120-01-sc,1
141120-01-sc,1
141120-01-sc,1
141120-01-sc,1
141120-01-sc,1
141120-01-sc,1
141120-01-sc,1
141120-01-sc,1
141120-01-sc,1
141120-01-sc,1
141120-01-sc,1
141120-01-sc,1
141120-01-sc,1
141120-01-sc,1
Practice,1
Practice,1
Practice,1
Practice,1
Practice,1
Practice,1
Practice,1
Practice,1
ff,1
ff,1
ff,1
ff,1
ff,1
ff,1
ff,1
ff,1
ff,1
ff,1
ff,1
erica,1
erica,1
erica,1
erica,1
ey,1
ey,1
ey,1
ey,1
ey,1
ey,1
ey,1
ey,1
ey,1
ey,2
ey,2
ey,2
ey,2
ey,2
ey,2
ey,2
ey,2
ey,2
ey,2
ey,2
ey,2
ey,2
ey,2
ey,2
ey,2
ey,2
ey,2
erica,2
erica,2
erica,2
erica,2
erica,2
erica,2
erica,2
erica,2
erica,2
erica_test,2
erica_test,2
erica_test3,2
erica_test3,2
erica_test3,2
erica_test3,2
test_erica4,2
test_erica4,2
erica_t,2
erica_t,2
erica_t,1
erica_t,1
erica_t,1
erica_t,2
erica_t,2
erica_t,2
erica_t,2
erica_t,2
erica_t,2
erica_t,2
erica_t,2
erica_t,2
erica_t,2
erica_t,2
erica_t,2
erica_t,2
erica_t,2
erica_t,2
erica_t,2
erica_t,2
erica_test5,2
erica_test5,2
erica_test5,2
erica_test5,2
erica_test5,2
erica_test5,2
test_erica6,2
test_erica6,2
test_erica6,2
test_erica6,2
test_erica6,2
test_erica7,2
test_erica7,2
test_erica7,2
test_erica7,2
test_erica8,2
test_erica8,2
test_erica8,2
test_erica8,2
test_erica9,2
test_erica9,2
test_erica9,2
test_erica9,2
test_erica9,2
test_erica9,2
test_erica9,2
test_erica9,2
test_erica9,2
test_erica9,2
test_erica9,2
test_erica9,2
test_erica9,2
test_erica9,2
test_erica9,2
test_erica9,2
test_erica9,2
test_erica9,2
test_erica9,2
test_erica9,2
test_erica9,2
test_erica9,2
erica_test10,2
erica_test10,2
test_erica11,1
test_erica11,1
test_erica11,1
test_erica11,1
test,2
test,2
Test ,2
Test ,2
Test ,2
Test ,2
Test ,2
Test ,2
Test ,2
Test ,2
Test ,2
Test ,2
Test ,2
Test ,2
Test ,2
Test ,2
Test ,2
Test ,2
Test ,2
Test ,2
141204-01-sc,1
141204-01-sc,1
141204-01-sc,1
141204-01-sc,1
141204-01-sc,1
141204-01-sc,1
141204-01-sc,1
141204-01-sc,1
141204-01-sc,1
141204-01-sc,1
141204-01-sc,1
141204-01-sc,1
141204-01-sc,1
141204-01-sc,1
141204-01-sc,1
141204-01-sc,1
141204-01-sc,1
141204-01-sc,1
Test,2
Test,2
Test,2
Test,2
Test,2
Test,2
Test,2
Test,2
Test,2
Test,2
Test,2
Test,2
Test,2
Test,2
Test,2
Test,2
Test,2
Test,2
141204-02-sc,2
141204-02-sc,2
141204-02-sc,2
141204-02-sc,2
141204-02-sc,2
141204-02-sc,2
141204-02-sc,2
141204-02-sc,2
141204-02-sc,2
141204-02-sc,2
141204-02-sc,2
141204-02-sc,2
141204-02-sc,2
141204-02-sc,2
141204-02-sc,2
141204-02-sc,2
141204-03-sc,1
141204-03-sc,1
141204-03-sc,1
141204-03-sc,1
141204-03-sc,1
141204-03-sc,1
141204-03-sc,1
141204-03-sc,1
141204-03-sc,1
141204-03-sc,1
141204-03-sc,1
141204-03-sc,1
141204-03-sc,1
141204-03-sc,1
141204-03-sc,1
141204-03-sc,1
141204-04-sc,1
141204-04-sc,1
141204-04-sc,1
141204-04-sc,1
141204-04-sc,1
141204-04-sc,1
141204-04-sc,1
141204-04-sc,1
141204-04-sc,1
141204-04-sc,1
141204-04-sc,1
141204-04-sc,1
141204-04-sc,1
141204-04-sc,1
141204-04-sc,1
141204-04-sc,1
141204-05-sc,2
141204-05-sc,2
141204-05-sc,2
141204-05-sc,2
141204-05-sc,2
141204-05-sc,2
141204-05-sc,2
141204-05-sc,2
141204-05-sc,2
141204-05-sc,2
141204-05-sc,2
141204-05-sc,2
141204-05-sc,2
141204-05-sc,2
141204-05-sc,2
141204-05-sc,2
141204-06-sc,2
141204-06-sc,2
141204-06-sc,2
141204-06-sc,2
141204-06-sc,2
141204-06-sc,2
141204-06-sc,2
141204-06-sc,2
141204-06-sc,2
141204-06-sc,2
141204-06-sc,2
141204-06-sc,2
141204-06-sc,2
141204-06-sc,2
141204-06-sc,2
141204-06-sc,2
test_erica12,2
test_erica12,2
test_erica12,2
test_erica12,2
test_erica12,2
test_erica12,2
test_erica12,2
test_erica12,2
test_erica12,2
test_erica12,2
test_erica12,2
test_erica12,2
test_erica12,2
test_erica12,2
test_erica12,2
test_erica12,2
test_erica12,2
test_erica12,2
test_erica13,1
test_erica13,1
test_erica13,1
test_erica13,1
test_erica13,1
test_erica13,1
test_erica13,1
test_erica13,1
test_erica13,1
test_erica13,1
test_erica13,1
test_erica13,1
test_erica13,1
test_erica13,1
test_erica13,1
test_erica13,1
test_erica13,1
test_erica13,1
test_erica14,2
test_erica14,2
test_erica14,2
test_erica14,2
test_erica14,2
test_erica14,2
test_erica14,2
test_erica14,2
test_erica14,2
test_erica14,2
test_erica14,2
test_erica14,2
test_erica14,2
test_erica14,2
test_erica14,2
test_erica14,2
test_erica14,2
test_erica15,2
test_erica15,2
test_erica15,2
test_erica15,2
test_erica15,2
test_erica15,2
test_erica15,2
test_erica15,2
test_erica15,2
test_erica15,2
test_erica15,2
test_erica15,2
test_erica15,2
test_erica15,2
test_erica15,2
test_erica15,2
test_erica15,2
test_erica15,2
test_erica16,2
test_erica16,2
test_erica16,2
test_erica16,2
test_erica16,2
test_erica16,2
test_erica16,2
test_erica16,2
test_erica16,2
test_erica16,2
test_erica16,2
test_erica16,2
test_erica16,2
test_erica16,2
test_erica16,2
test_erica16,2
test_erica16,2
test_erica16,2
Test,1
Test,1
Test,1
Test,1
Test,1
Test,1
Test,1
Test,1
Test,1
Test,1
Test,1
Test,1
Test,1
Test,1
Test,1
Test,1
Test,1
Test,1
Test,1
Test,1
Test,1
Test,2
Test,2
Test,2
Test,2
Test,2
Test,2
Test,2
Test,2
Test,2
Test,2
Test,2
Test,2
Test,2
Test,2
Test,2
Test,2
Test,2
Test,2
141209-01-sc,1
141209-01-sc,1
141209-01-sc,1
141209-01-sc,1
141209-01-sc,1
141209-01-sc,1
141209-01-sc,1
141209-01-sc,1
141209-01-sc,1
141209-01-sc,1
141209-01-sc,1
141209-01-sc,1
141209-01-sc,1
141209-01-sc,1
141209-01-sc,1
141209-01-sc,1
141209-01-sc,1
141209-01-sc,1
141209-02-sc,2
141209-02-sc,2
141209-02-sc,2
141209-02-sc,2
141209-02-sc,2
141209-02-sc,2
141209-02-sc,2
141209-02-sc,2
141209-02-sc,2
141209-02-sc,2
141209-02-sc,2
141209-02-sc,2
141209-02-sc,2
141209-02-sc,2
141209-02-sc,2
141209-02-sc,2
141209-02-sc,2
141209-02-sc,2
141209-03-sc,2
141209-03-sc,2
141209-03-sc,2
141209-03-sc,2
141209-03-sc,2
141209-03-sc,2
141209-03-sc,2
141209-03-sc,2
141209-03-sc,2
141209-03-sc,2
141209-03-sc,2
141209-03-sc,2
141209-03-sc,2
141209-03-sc,2
141209-03-sc,2
141209-03-sc,2
141209-03-sc,2
141209-03-sc,2
141209-04-sc,1
141209-04-sc,1
141209-04-sc,1
141209-04-sc,1
141209-04-sc,1
141209-04-sc,1
141209-04-sc,1
141209-04-sc,1
141209-04-sc,1
141209-04-sc,1
141209-04-sc,1
141209-04-sc,1
141209-04-sc,1
141209-04-sc,1
141209-04-sc,1
141209-04-sc,1
Test,1
Test,1
Test,1
Test,1
Test,1
Test,1
Test,1
Test,1
Test,1
Test,1
Test,1
Test,1
Test,1
Test,1
Test,1
Test,1
Test,1
Test,1
141209-05-sc,2
141209-05-sc,2
141209-05-sc,2
141209-05-sc,2
141209-05-sc,2
141209-05-sc,2
141209-05-sc,2
141209-05-sc,2
141209-05-sc,2
141209-05-sc,2
141209-05-sc,2
141209-05-sc,2
141209-05-sc,2
141209-05-sc,2
141209-05-sc,2
141209-05-sc,2
141209-05-sc,2
141209-05-sc,2
141209-06-sc,2
141209-06-sc,2
141209-06-sc,2
141209-06-sc,2
141209-06-sc,2
141209-06-sc,2
141209-06-sc,2
141209-06-sc,2
141209-06-sc,2
141209-06-sc,2
141209-06-sc,2
141209-06-sc,2
141209-06-sc,2
141209-06-sc,2
141209-06-sc,2
141209-06-sc,2
141209-06-sc,2
141209-06-sc,2
141209-07-sc,1
141209-07-sc,1
141209-07-sc,1
141209-07-sc,1
141209-07-sc,1
141209-07-sc,1
141209-07-sc,1
141209-07-sc,1
141209-07-sc,1
141209-07-sc,1
141209-07-sc,1
141209-07-sc,1
141209-07-sc,1
141209-07-sc,1
141209-07-sc,1
141209-07-sc,1
141209-07-sc,1
141209-07-sc,1
Test,2
Test,2
Test,2
Test,2
Test,2
Test,2
Test,2
Test,2
Test,2
Test,2
Test,2
Test,2
Test,2
Test,2
Test,2
Test,2
Test,2
Test,2
150108-01-sc,1
150108-01-sc,1
150108-01-sc,1
150108-01-sc,1
150108-01-sc,1
150108-01-sc,1
150108-01-sc,1
150108-01-sc,1
150108-01-sc,1
150108-01-sc,1
150108-01-sc,1
150108-01-sc,1
150108-01-sc,1
150108-01-sc,1
150108-01-sc,1
150108-01-sc,1
150108-01-sc,1
150108-01-sc,1
Test,1
Test,1
Test,1
Test,1
Test,2
Test,2
Test,1
Test,1
Test,2
Test,2
Test,2
Test,2
Test,2
Test,2
Test,2
Test,2
Test,2
Test,2
Test,2
Test,2
Test,2
Test,2
Test,2
150109-01-sc,1
150109-01-sc,1
150109-01-sc,1
150109-01-sc,1
150109-01-sc,1
150109-01-sc,1
150109-01-sc,1
150109-01-sc,1
150109-01-sc,1
150109-01-sc,1
150109-01-sc,1
150109-01-sc,1
150109-01-sc,1
150109-01-sc,1
150109-01-sc,1
150109-01-sc,1
150109-01-sc,1
150109-01-sc,1
150109-02-sc,2
150109-02-sc,2
150109-02-sc,2
150109-02-sc,2
150109-02-sc,2
150109-02-sc,2
150109-02-sc,2
150109-02-sc,2
150109-02-sc,2
150109-02-sc,2
150109-02-sc,2
150109-02-sc,2
150109-02-sc,2
150109-02-sc,2
150109-02-sc,2
150109-02-sc,2
150109-02-sc,2
150109-02-sc,2
150109-03-sc,1
150109-03-sc,1
150109-03-sc,1
150109-03-sc,1
150109-03-sc,1
150109-03-sc,1
150109-03-sc,1
150109-03-sc,1
150109-03-sc,1
150109-03-sc,1
150109-03-sc,1
150109-03-sc,1
150109-03-sc,1
150109-03-sc,1
150109-03-sc,1
150109-03-sc,1
150109-03-sc,1
150109-03-sc,1
150109-04,1
150109-04,1
150109-04,1
150109-04,1
150109-04,1
150109-04,1
150109-04,1
150109-04,1
150109-04,1
150109-04,1
150109-04,1
150109-04,1
150109-04,1
150109-04,1
150109-04,1
150109-04,1
150109-04,1
150109-04,1
150109-05,2
150109-05,2
150109-05,2
150109-05,2
150109-05,2
150109-05,2
150109-06,1
150109-06,1
150109-06,1
150109-06,1
150109-06,1
150109-06,1
150109-06,1
150109-06,1
150109-06,1
150109-06,1
150109-06,1
150109-06,1
150109-06,1
150109-06,1
150109-06,1
150109-06,1
150109-06,1
150109-06,1
150109-07,2
150109-07,2
150109-07,2
150109-07,2
150109-07,2
150109-07,2
150109-07,2
150109-07,2
150109-07,2
150109-07,2
150109-07,2
150109-07,2
150109-07,2
150109-07,2
150109-07,2
150109-07,2
150109-07,2
150109-07,2
150109-08,2
150109-08,2
150109-08,2
150109-08,2
150109-08,2
150109-08,2
150109-08,2
150109-08,2
150109-08,2
150109-08,2
150109-08,2
150109-08,2
150109-08,2
150109-08,2
150109-08,2
150109-08,2
150109-08,2
150109-08,2
150115-01-sc,2
150115-01-sc,2
150115-01-sc,2
150115-01-sc,2
150115-01-sc,2
150115-01-sc,2
150115-01-sc,2
150115-01-sc,2
150115-01-sc,2
150115-01-sc,2
150115-01-sc,2
150115-01-sc,2
150115-01-sc,2
150115-01-sc,2
150115-01-sc,2
150115-01-sc,2
150115-01-sc,2
150115-01-sc,2
150115-02-sc,1
150115-02-sc,1
150115-02-sc,1
150115-02-sc,1
150115-02-sc,1
150115-02-sc,1
150115-02-sc,1
150115-02-sc,1
150115-02-sc,1
150115-02-sc,1
150115-02-sc,1
150115-02-sc,1
150115-02-sc,1
150115-02-sc,1
150115-02-sc,1
150115-02-sc,1
150115-02-sc,1
150115-02-sc,1
150115-03-sc,2
150115-03-sc,2
150115-03-sc,2
150115-03-sc,2
150115-03-sc,2
150115-03-sc,2
150115-03-sc,2
150115-03-sc,2
150115-03-sc,2
150115-03-sc,2
150115-03-sc,2
150115-03-sc,2
150115-03-sc,2
150115-03-sc,2
150115-03-sc,2
150115-03-sc,2
150115-03-sc,2
150115-03-sc,2
150115-04-sc,2
150115-04-sc,2
150115-04-sc,2
150115-04-sc,2
150115-04-sc,2
150115-04-sc,2
150115-04-sc,2
150115-04-sc,2
150115-04-sc,2
150115-04-sc,2
150115-04-sc,2
150115-04-sc,2
150115-04-sc,2
150115-04-sc,2
150115-04-sc,2
150115-04-sc,2
150115-04-sc,2
150115-04-sc,2
150115-05-sc,1
150115-05-sc,1
150115-05-sc,1
150115-05-sc,1
150115-05-sc,1
150115-05-sc,1
150115-05-sc,1
150115-05-sc,1
150115-05-sc,1
150115-05-sc,1
150115-05-sc,1
150115-05-sc,1
150115-05-sc,1
150115-05-sc,1
150115-05-sc,1
150115-05-sc,1
150115-05-sc,1
150115-05-sc,1
150115-06-sc,2
150115-06-sc,2
150115-06-sc,2
150115-06-sc,2
150115-06-sc,2
150115-06-sc,2
150115-06-sc,2
150115-06-sc,2
150115-06-sc,2
150115-06-sc,2
150115-06-sc,2
150115-06-sc,2
150115-06-sc,2
150115-06-sc,2
150115-06-sc,2
150115-06-sc,2
150115-06-sc,2
150115-06-sc,2
150115-07-sc,1
150115-07-sc,1
150115-07-sc,1
150115-07-sc,1
150115-07-sc,1
150115-07-sc,1
150115-07-sc,1
150115-07-sc,1
150115-07-sc,1
150115-07-sc,1
150115-07-sc,1
150115-07-sc,1
150115-07-sc,1
150115-07-sc,1
150115-07-sc,1
150115-07-sc,1
150115-07-sc,1
150115-07-sc,1
Test,2
Test,2
Test,2
150116-01-sc,1
150116-01-sc,1
150116-01-sc,1
150116-01-sc,1
150116-01-sc,1
150116-01-sc,1
150116-01-sc,1
150116-01-sc,1
150116-01-sc,1
150116-01-sc,1
150116-01-sc,1
150116-01-sc,1
150116-01-sc,1
150116-01-sc,1
150116-01-sc,1
150116-01-sc,1
150116-01-sc,1
150116-02-sc,2
150116-02-sc,2
150116-02-sc,2
150116-02-sc,2
150116-02-sc,2
150116-02-sc,2
150116-02-sc,2
150116-02-sc,2
150116-02-sc,2
150116-02-sc,2
150116-02-sc,2
150116-02-sc,2
150116-02-sc,2
150116-02-sc,2
150116-02-sc,2
150116-02-sc,2
150116-03-sc,1
150116-03-sc,1
150116-03-sc,1
150116-03-sc,1
150116-03-sc,1
150116-03-sc,1
150116-03-sc,1
150116-03-sc,1
150116-03-sc,1
150116-03-sc,1
150116-03-sc,1
150116-03-sc,1
150116-03-sc,1
150116-03-sc,1
150116-03-sc,1
150116-03-sc,1
150116-03-sc,1
150116-03-sc,1
150116-04-sc,2
150116-04-sc,2
150116-04-sc,2
150116-04-sc,2
150116-04-sc,2
150116-04-sc,2
150116-04-sc,2
150116-04-sc,2
150116-04-sc,2
150116-04-sc,2
150116-04-sc,2
150116-04-sc,2
150116-04-sc,2
150116-04-sc,2
150116-04-sc,2
150116-04-sc,2
150116-04-sc,2
150116-04-sc,2
150116-05-sc,1
150116-05-sc,1
150116-05-sc,1
150116-05-sc,1
150116-05-sc,1
150116-05-sc,1
150116-05-sc,1
150116-05-sc,1
150116-05-sc,1
150116-05-sc,1
150116-05-sc,1
150116-05-sc,1
150116-05-sc,1
150116-05-sc,1
150116-05-sc,1
150116-05-sc,1
150116-05-sc,1
150116-05-sc,1
150116-07-sc,1
150116-07-sc,1
150116-07-sc,1
150116-07-sc,1
150116-07-sc,1
150116-07-sc,1
150116-07-sc,1
150116-07-sc,1
150116-07-sc,1
150116-07-sc,1
150116-07-sc,1
150116-07-sc,1
150116-07-sc,1
150116-07-sc,1
150116-07-sc,1
150116-07-sc,1
150116-07-sc,1
150116-07-sc,1
150116-08-sc,2
150116-08-sc,2
150116-08-sc,2
150116-08-sc,2
150116-08-sc,2
150116-08-sc,2
150116-08-sc,2
150116-08-sc,2
150116-08-sc,2
150116-08-sc,2
150116-08-sc,2
150116-08-sc,2
150116-08-sc,2
150116-08-sc,2
150116-08-sc,2
150116-08-sc,2
150116-08-sc,2
150116-08-sc,2
150116-09-sc,2
150116-09-sc,2
150116-09-sc,2
150116-09-sc,2
150116-09-sc,2
150116-09-sc,2
150116-09-sc,2
150116-09-sc,2
150116-09-sc,2
150116-09-sc,2
150116-09-sc,2
150116-09-sc,2
150116-09-sc,2
150116-09-sc,2
150116-09-sc,2
150116-09-sc,2
150116-09-sc,2
150116-09-sc,2
150116-10-sc,1
150116-10-sc,1
150116-10-sc,1
150116-10-sc,1
150116-10-sc,1
150116-10-sc,1
150116-10-sc,1
150116-10-sc,1
150116-10-sc,1
150116-10-sc,1
150116-10-sc,1
150116-10-sc,1
150116-10-sc,1
150116-10-sc,1
150116-10-sc,1
150116-10-sc,1
150116-10-sc,1
150116-10-sc,1
150116-11-sc,2
150116-11-sc,2
150116-11-sc,2
150116-11-sc,2
150116-11-sc,2
150116-11-sc,2
150116-11-sc,2
150116-11-sc,2
150116-11-sc,2
150116-11-sc,2
150116-11-sc,2
150116-11-sc,2
150116-11-sc,2
150116-11-sc,2
150116-11-sc,2
150116-11-sc,2
150116-11-sc,2
150116-11-sc,2
150116-12-sc,1
150116-12-sc,1
150116-12-sc,1
150116-12-sc,1
150116-12-sc,1
150116-12-sc,1
150116-12-sc,1
150116-12-sc,1
150116-12-sc,1
150116-12-sc,1
150116-12-sc,1
150116-12-sc,1
150116-12-sc,1
150116-12-sc,1
150116-12-sc,1
150116-12-sc,1
150116-12-sc,1
150116-12-sc,1
150116-13-sc,1
150116-13-sc,1
150116-13-sc,1
150116-13-sc,1
150116-13-sc,1
150116-13-sc,1
150116-13-sc,1
150116-13-sc,1
150116-13-sc,1
150116-13-sc,1
150116-13-sc,1
150116-14-sc,2
150116-14-sc,2
150116-14-sc,2
150116-14-sc,2
150116-14-sc,2
150116-14-sc,2
150116-14-sc,2
150116-14-sc,2
150116-14-sc,2
150116-14-sc,2
150116-14-sc,2
150116-14-sc,2
150116-14-sc,2
150116-14-sc,2
150116-14-sc,2
150116-14-sc,2
150116-14-sc,2
150116-14-sc,2
150116-15-sc,1
150116-15-sc,1
150116-15-sc,1
150116-15-sc,1
150116-15-sc,1
150116-15-sc,1
150116-15-sc,1
150116-15-sc,1
150116-15-sc,1
150116-15-sc,1
150116-15-sc,1
150116-15-sc,1
150116-15-sc,1
150116-15-sc,1
150116-15-sc,1
150116-16-sc,2
150116-16-sc,2
150116-16-sc,2
150116-16-sc,2
150116-16-sc,2
150116-16-sc,2
150116-16-sc,2
150116-16-sc,2
150116-16-sc,2
150116-16-sc,2
150116-16-sc,2
150116-16-sc,2
150116-16-sc,2
150116-16-sc,2
150116-16-sc,2
150116-16-sc,2
150116-16-sc,2
150116-16-sc,2
150116-17-sc,1
150116-17-sc,1
150116-17-sc,1
150116-17-sc,1
150116-17-sc,1
150116-17-sc,1
150116-17-sc,1
150116-17-sc,1
150116-17-sc,1
150116-17-sc,1
150116-17-sc,1
150116-17-sc,1
150116-17-sc,1
150116-17-sc,1
150116-17-sc,1
150116-17-sc,1
150116-17-sc,1
150116-17-sc,1
150116-18-sc,2
150116-18-sc,2
150116-18-sc,2
150116-18-sc,2
150116-18-sc,2
150116-18-sc,2
150116-18-sc,2
150116-18-sc,2
150116-18-sc,2
150116-18-sc,2
150116-18-sc,2
150116-18-sc,2
150116-18-sc,2
150116-18-sc,2
150116-18-sc,2
150116-18-sc,2
150116-18-sc,2
150116-18-sc,2
150116-19-sc,1
150116-19-sc,1
150116-19-sc,1
150116-19-sc,1
150116-19-sc,1
150116-19-sc,1
150116-19-sc,1
150116-19-sc,1
150116-19-sc,1
150116-19-sc,1
150116-19-sc,1
150116-19-sc,1
150116-19-sc,1
150116-19-sc,1
150116-19-sc,1
150116-19-sc,1
150116-19-sc,1
150116-19-sc,1
150116-20-sc,2
150116-20-sc,2
150116-20-sc,2
150116-20-sc,2
150116-20-sc,2
150116-20-sc,2
150116-20-sc,2
150116-20-sc,2
150116-20-sc,2
150116-20-sc,2
150116-20-sc,2
150116-20-sc,2
150116-20-sc,2
150116-20-sc,2
150116-20-sc,2
150116-20-sc,2
150116-20-sc,2
150116-20-sc,2
150116-21-sc,1
150116-21-sc,1
150116-21-sc,1
150116-21-sc,1
150116-21-sc,1
150116-21-sc,1
150116-21-sc,1
150116-21-sc,1
150116-21-sc,1
150116-21-sc,1
150116-21-sc,1
150116-21-sc,1
150116-21-sc,1
150116-21-sc,1
150116-21-sc,1
150116-21-sc,1
150116-21-sc,1
150116-21-sc,1
150116-22-sc,2
150116-22-sc,2
150116-22-sc,2
150116-22-sc,2
150116-22-sc,2
150116-22-sc,2
150116-22-sc,2
150116-22-sc,2
150116-22-sc,2
150116-22-sc,2
150116-22-sc,2
150116-22-sc,2
150116-22-sc,2
150116-22-sc,2
150116-22-sc,2
150116-22-sc,2
150116-22-sc,2
150116-22-sc,2
150120,1
150120,1
150120,1
150120,1
150120,1
150120,1
150120,1
150120,1
150120,1
150120,1
150120,1
150120,1
150120,1
150120,1
150120,1
150120,1
150120,1
150120,1
150120-01-sc,2
150120-01-sc,2
150120-01-sc,2
150120-01-sc,2
150120-01-sc,2
150120-01-sc,2
150120-01-sc,2
150120-01-sc,2
150120-01-sc,2
150120-01-sc,2
150120-01-sc,2
150120-01-sc,2
150120-01-sc,2
150120-01-sc,2
150120-01-sc,2
150120-01-sc,2
150120-01-sc,2
150120-01-sc,2
150120-03-sc,1
150120-03-sc,1
150120-03-sc,1
150120-03-sc,1
150120-03-sc,1
150120-03-sc,1
150120-03-sc,1
150120-03-sc,1
150120-03-sc,1
150120-03-sc,1
150120-03-sc,1
150120-03-sc,1
150120-03-sc,1
150120-03-sc,1
150120-03-sc,1
150120-03-sc,1
150120-03-sc,1
150120-03-sc,1
150120-04-sc,2
150120-04-sc,2
150120-04-sc,2
150120-04-sc,2
150120-04-sc,2
150120-04-sc,2
150120-04-sc,2
150120-04-sc,2
150120-04-sc,2
150120-04-sc,2
150120-04-sc,2
150120-04-sc,2
150120-04-sc,2
150120-04-sc,2
150120-04-sc,2
150120-04-sc,2
150120-04-sc,2
150120-04-sc,2
150120-05-sc,2
150120-05-sc,2
150120-05-sc,2
150120-05-sc,2
150120-05-sc,2
150120-05-sc,2
150120-05-sc,2
150120-05-sc,2
150120-05-sc,2
150120-05-sc,2
150120-05-sc,2
150120-05-sc,2
150120-05-sc,2
150120-05-sc,2
150120-05-sc,2
150120-05-sc,2
150120-05-sc,2
150120-05-sc,2
150120-06-sc,1
150120-06-sc,1
150120-06-sc,1
150120-06-sc,1
150120-06-sc,1
150120-06-sc,1
150120-06-sc,1
150120-06-sc,1
150120-06-sc,1
150120-06-sc,1
150120-06-sc,1
150120-06-sc,1
150120-06-sc,1
150120-06-sc,1
150120-06-sc,1
150120-06-sc,1
150120-06-sc,1
150120-06-sc,1
Test,1
test,1
test,1
test,1
test,1
test,1
test,1
test,1
test,1
test,1
test,1
test,1
150122-01-sc,1
150122-01-sc,1
150122-01-sc,1
150122-01-sc,1
150122-01-sc,1
150122-01-sc,1
150122-01-sc,1
150122-01-sc,1
150122-01-sc,1
150122-01-sc,1
150122-01-sc,1
150122-01-sc,1
150122-01-sc,1
150122-01-sc,1
150122-01-sc,1
150122-01-sc,1
150122-01-sc,1
150122-01-sc,1
150122-02-sc,2
150122-02-sc,2
150122-02-sc,2
150122-02-sc,2
150122-02-sc,2
150122-02-sc,2
150122-02-sc,2
150122-02-sc,2
150122-02-sc,2
150122-02-sc,2
150122-02-sc,2
150122-02-sc,2
150122-02-sc,2
150122-02-sc,2
150122-02-sc,2
150122-02-sc,2
150122-02-sc,2
150122-02-sc,2
150122-03-sc,1
150122-03-sc,1
150122-03-sc,1
150122-03-sc,1
150122-03-sc,1
150122-03-sc,1
150122-03-sc,1
150122-03-sc,1
150122-03-sc,1
150122-03-sc,1
150122-03-sc,1
150122-03-sc,1
150122-03-sc,1
150122-03-sc,1
150122-03-sc,1
150122-03-sc,1
150122-03-sc,1
150122-03-sc,1
150122-04-sc,2
150122-04-sc,2
150122-04-sc,2
150122-04-sc,2
150122-04-sc,2
150122-04-sc,2
150122-04-sc,2
150122-04-sc,2
150122-04-sc,2
150122-04-sc,2
150122-04-sc,2
150122-04-sc,2
150122-04-sc,2
150122-04-sc,2
150122-04-sc,2
150122-04-sc,2
150122-04-sc,2
150122-04-sc,2
150122-05-sc,1
150122-05-sc,1
150122-05-sc,1
150122-05-sc,1
150122-05-sc,1
150122-05-sc,1
150122-05-sc,1
150122-05-sc,1
150122-05-sc,1
150122-05-sc,1
150122-05-sc,1
150122-05-sc,1
150122-05-sc,1
150122-05-sc,1
150122-05-sc,1
150122-05-sc,1
150122-05-sc,1
150122-05-sc,1
150129-01-sc,2
150129-01-sc,2
150129-01-sc,2
150129-01-sc,2
150129-01-sc,2
150129-01-sc,2
150129-01-sc,2
150129-01-sc,2
150129-01-sc,2
150129-01-sc,2
150129-01-sc,2
150129-01-sc,2
150129-01-sc,2
150129-01-sc,2
150129-01-sc,2
150129-01-sc,2
150129-01-sc,2
150129-01-sc,2
150129-02-sc,1
150129-02-sc,1
150129-02-sc,1
150129-02-sc,1
150129-02-sc,1
150129-02-sc,1
150129-02-sc,1
150129-02-sc,1
150129-02-sc,1
150129-02-sc,1
150129-02-sc,1
150129-02-sc,1
150129-02-sc,1
150129-02-sc,1
150129-02-sc,1
150129-02-sc,1
150129-02-sc,1
150129-02-sc,1
150217,1
150217,1
150217,1
150217,1
150217,1
150217,1
150217,1
150217,1
150217,1
150217,1
150217,1
150217,1
150217,1
150217,1
150217,1
150217,1
150217,1
150217,1
150219-01-sc,2
150219-01-sc,2
150219-01-sc,2
150219-01-sc,2
150219-01-sc,2
150219-01-sc,2
150219-01-sc,2
150219-01-sc,2
150219-01-sc,2
150219-01-sc,2
150219-01-sc,2
150219-01-sc,2
150219-01-sc,2
150219-01-sc,2
150219-01-sc,2
150219-01-sc,2
150219-01-sc,2
150219-01-sc,2
150219-02-sc,1
150219-02-sc,1
150219-02-sc,1
150219-02-sc,1
150219-02-sc,1
150219-02-sc,1
150219-02-sc,1
150219-02-sc,1
150219-02-sc,1
150219-02-sc,1
150219-02-sc,1
150219-02-sc,1
150219-02-sc,1
150219-02-sc,1
150219-02-sc,1
150219-02-sc,1
150219-02-sc,1
150219-02-sc,1
150219-03-sc,1
150219-03-sc,1
150219-03-sc,1
150219-03-sc,1
150219-03-sc,1
150219-03-sc,1
150219-03-sc,1
150219-03-sc,1
150219-03-sc,1
150219-03-sc,1
150219-03-sc,1
150219-03-sc,1
150219-03-sc,1
150219-03-sc,1
150219-03-sc,1
150219-03-sc,1
150219-03-sc,1
150219-03-sc,1
150219-04-sc,2
150219-04-sc,2
150219-04-sc,2
150219-04-sc,2
150219-04-sc,2
150219-04-sc,2
150219-04-sc,2
150219-04-sc,2
150219-04-sc,2
150219-04-sc,2
150219-04-sc,2
150219-04-sc,2
150219-04-sc,2
150219-04-sc,2
150219-04-sc,2
150219-04-sc,2
150219-04-sc,2
150219-04-sc,2
150219-05-sc,1
150219-05-sc,1
150219-05-sc,1
150219-05-sc,1
150219-05-sc,1
150219-05-sc,1
150219-05-sc,1
150219-05-sc,1
150219-05-sc,1
150219-05-sc,1
150219-05-sc,2
150219-05-sc,2
150219-05-sc,2
150219-05-sc,2
150219-05-sc,2
150219-05-sc,2
150219-05-sc,2
150219-05-sc,2
150219-05-sc,2
150219-05-sc,2
150219-05-sc,2
150219-05-sc,2
150219-05-sc,2
150219-05-sc,2
150219-05-sc,2
150219-05-sc,2
150219-05-sc,2
150219-05-sc,2
150219-06-sc,1
150219-06-sc,1
150219-06-sc,1
150219-06-sc,1
150219-06-sc,1
150219-06-sc,1
150219-06-sc,1
150219-06-sc,1
150219-06-sc,1
150219-06-sc,1
150219-06-sc,1
150219-06-sc,1
150219-06-sc,1
150219-06-sc,1
150219-06-sc,1
150219-06-sc,1
150219-06-sc,1
150219-06-sc,1
f,1
f,1
f,1
404111,1
404111,1
404111,1
404111,1
404111,1
404111,1
404111,1
404111,1
404111,1
404111,1
404111,1
404111,1
404111,1
404111,1
404111,1
404111,1
404111,1
404111,1
404112,1
404112,1
404112,1
404112,1
404112,1
404112,1
404112,1
404112,1
404112,1
404112,1
404112,1
404112,1
404112,1
404112,1
404112,1
404112,1
404112,1
404112,1
Gs0529091,1
Gs0529091,1
Gs0529091,1
Gs0529091,1
Gs0529091,1
Gs0529091,1
Gs0529091,1
Gs0529091,1
Gs0529091,1
Gs0529091,1
Gs0529091,1
Gs0529091,1
Gs0529091,1
Gs0529091,1
Gs0529091,1
Gs0529091,1
Gs0529091,1
Gs0529091,1
1,1
1,1
1,1
150420-01-sc,1
150420-01-sc,1
150420-01-sc,1
150420-01-sc,1
150420-01-sc,1
150420-01-sc,1
150420-01-sc,1
150420-01-sc,1
150420-01-sc,1
150420-01-sc,1
150420-01-sc,1
150420-01-sc,1
150420-01-sc,1
150420-01-sc,1
150420-01-sc,1
150420-01-sc,1
150420-01-sc,1
150420-01-sc,1
150420-02-sc,1
150420-02-sc,1
150420-02-sc,1
150420-02-sc,1
150420-02-sc,1
150420-02-sc,1
150420-02-sc,1
150420-02-sc,1
150420-02-sc,1
150420-02-sc,1
150420-02-sc,1
150420-02-sc,1
150420-02-sc,1
150420-02-sc,1
150420-02-sc,1
150420-02-sc,1
150420-02-sc,1
150420-02-sc,1
150420-03-sc,1
150420-03-sc,1
150420-03-sc,1
150420-03-sc,1
150420-03-sc,1
150420-03-sc,1
150420-03-sc,1
150420-03-sc,1
150420-03-sc,1
150420-03-sc,1
150420-03-sc,1
150420-03-sc,1
150420-03-sc,1
150420-03-sc,1
150420-03-sc,1
150420-03-sc,1
150420-03-sc,1
150420-03-sc,1
150420-04-sc,1
150420-04-sc,1
150420-04-sc,1
150420-04-sc,1
150420-04-sc,1
150420-04-sc,1
150420-04-sc,1
150420-04-sc,1
150420-04-sc,1
150420-04-sc,1
150420-04-sc,1
150420-04-sc,1
150420-04-sc,1
150420-04-sc,1
150420-04-sc,1
150420-04-sc,1
150420-04-sc,1
150420-04-sc,1
150420-05-sc,1
150420-05-sc,1
150420-05-sc,1
150420-05-sc,1
150420-05-sc,1
150420-05-sc,1
150420-05-sc,1
150420-05-sc,1
150420-05-sc,1
150420-05-sc,1
150420-05-sc,1
150420-05-sc,1
150420-05-sc,1
150420-05-sc,1
150420-05-sc,1
150420-05-sc,1
150420-05-sc,1
150420-05-sc,1
150420-06-sc,1
150420-06-sc,1
150420-06-sc,1
150420-06-sc,1
150420-06-sc,1
150420-06-sc,1
150420-06-sc,1
150420-06-sc,1
150420-06-sc,1
150420-06-sc,1
150420-06-sc,1
150420-06-sc,1
150420-06-sc,1
150420-06-sc,1
150420-06-sc,1
150420-06-sc,1
150420-06-sc,1
150420-06-sc,1
150424-01-sc,1
150424-01-sc,1
150424-01-sc,1
150424-01-sc,1
150424-01-sc,1
150424-01-sc,1
150424-01-sc,1
150424-01-sc,1
150424-01-sc,1
150424-01-sc,1
150424-01-sc,1
150424-01-sc,1
150424-01-sc,1
150424-01-sc,1
150424-01-sc,1
150424-01-sc,1
150424-01-sc,1
150424-01-sc,1
150424-02-sc,1
150424-02-sc,1
150424-02-sc,1
150424-02-sc,1
150424-02-sc,1
150424-02-sc,1
150424-02-sc,1
150424-02-sc,1
150424-02-sc,1
150424-02-sc,1
150424-02-sc,1
150424-02-sc,1
150424-02-sc,1
150424-02-sc,1
150424-02-sc,1
150424-02-sc,1
150424-02-sc,1
150424-02-sc,1
150424-03-sc,1
150424-03-sc,1
150424-03-sc,1
150424-03-sc,1
150424-03-sc,1
150424-03-sc,1
150424-03-sc,1
150424-03-sc,1
150424-03-sc,1
150424-03-sc,1
150424-03-sc,1
150424-03-sc,1
150424-03-sc,1
150424-03-sc,1
150424-03-sc,1
150424-03-sc,1
150424-03-sc,1
150424-03-sc,1
f,1
f,1
f,1
f,1
f,1
f,1
f,1
f,1
f,1
f,1
f,1
f,1
f,1
f,1
f,1
f,1
f,1
f,1
f,1
f,1
f,1
f,1
f,1
f,1
f,1
f,1
f,1
f,1
f,1
f,1
f,1
f,1
f,1
f,1
f,1
f,1
s,1
s,1
s,1
s,1
s,1
s,1
s,1
s,1
s,1
s,1
s,1
150513-01-sc,1
150513-01-sc,1
150513-01-sc,1
150513-02-sc,1
150513-02-sc,1
150513-02-sc,1
150513-02-sc,1
150513-02-sc,1
150513-02-sc,1
150518-01-sc,1
150518-01-sc,1
150518-01-sc,1
150518-01-sc,1
150518-01-sc,1
150518-01-sc,1
150518-01-sc,1
150518-01-sc,1
150518-01-sc,1
150518-01-sc,1
150518-01-sc,1
150518-01-sc,1
150518-01-sc,1
150518-01-sc,1
150518-01-sc,1
150518-01-sc,1
150518-01-sc,1
150518-01-sc,1
150520-01-sc,1
150520-01-sc,1
150520-01-sc,1
150520-01-sc,1
150520-01-sc,1
150520-01-sc,1
150520-01-sc,1
150520-01-sc,1
150520-01-sc,1
150520-01-sc,1
150520-01-sc,1
150520-01-sc,1
150520-01-sc,1
150520-01-sc,1
150520-01-sc,1
150520-02-sc,1
150520-02-sc,1
150520-02-sc,1
150520-02-sc,1
150520-02-sc,1
150520-02-sc,1
150520-02-sc,1
150520-02-sc,1
150520-02-sc,1
150520-02-sc,1
150520-02-sc,1
150520-02-sc,1
150520-02-sc,1
150520-02-sc,1
150520-02-sc,1
150520-02-sc,1
150520-02-sc,1
150520-02-sc,1
150520-03-sc,1
150520-03-sc,1
150520-03-sc,1
150520-03-sc,1
150520-03-sc,1
150520-03-sc,1
150520-03-sc,1
150520-03-sc,1
150520-03-sc,1
150520-03-sc,1
150520-03-sc,1
150520-03-sc,1
150520-03-sc,1
150520-03-sc,1
150520-03-sc,1
150520-03-sc,1
150520-03-sc,1
150520-03-sc,1
052715-01-sc,1
052715-01-sc,1
052715-01-sc,1
052715-01-sc,1
052715-01-sc,1
052715-01-sc,1
052715-01-sc,1
052715-01-sc,1
052715-01-sc,1
052715-01-sc,1
052715-01-sc,1
052715-01-sc,1
052715-01-sc,1
052715-01-sc,1
052715-01-sc,1
052715-01-sc,1
052715-01-sc,1
052715-01-sc,1
150527-02-sc,1
150527-02-sc,1
150527-02-sc,1
150527-02-sc,1
150527-02-sc,1
150527-02-sc,1
150527-02-sc,1
150527-02-sc,1
150527-02-sc,1
150527-02-sc,1
150527-02-sc,1
150527-02-sc,1
150527-02-sc,1
150527-02-sc,1
150527-02-sc,1
150527-02-sc,1
150527-02-sc,1
150527-02-sc,1
150527-03-sc,1
150527-03-sc,1
150527-03-sc,1
150527-03-sc,1
150527-03-sc,1
150527-03-sc,1
150527-03-sc,1
150527-03-sc,1
150527-03-sc,1
150527-03-sc,1
150527-03-sc,1
150527-03-sc,1
150527-03-sc,1
150527-03-sc,1
150527-03-sc,1
150527-03-sc,1
150527-03-sc,1
150527-03-sc,1
150527-04-sc,1
150527-04-sc,1
150527-04-sc,1
150527-04-sc,1
150527-04-sc,1
150527-04-sc,1
150527-04-sc,1
150527-04-sc,1
150527-04-sc,1
150527-04-sc,1
150527-04-sc,1
150527-04-sc,1
150527-04-sc,1
150527-04-sc,1
150527-04-sc,1
150527-04-sc,1
150527-04-sc,1
150527-04-sc,1
test,2
test,2
test,2
test,2
test,2
test,2
test,1
test,1
test,1
Test,1
Test,1
Test,1
Test,1
Test,1
Test,1
Test,1
Test,1
Test,1
Test,1
Test,1
Test,1
Test,1
Test,1
Test,1
Test,1
Test,1
Test,1
Test,1
Test,1
Test,1
Test,1
Test,1
Test,1
Test,1
Test,1
Test,1
Test,1
Test,1
Test,1
Test,1
Test,1
Test,1
Test,1
Test,1
Test,1
Test,1
Test,1
Test,1
Test,1
Test,1
Test,1
Test,1
Test,1
Test,1
Test,1
Test,1
Test,1
160309_01,2
160309_01,2
160309_01,2
160309_01,2
160309_01,2
160309_01,2
160309_01,2
160309_01,2
160309_01,2
160309_01,2
160309_01,2
160309_01,2
160309_01,2
160309_01,2
160309_01,2
160309_01,2
160309_01,2
160309_01,2
160309_02,1
160309_02,1
160309_02,1
160309_02,1
160309_02,1
160309_02,1
160309_02,1
160309_02,1
160309_02,1
160309_02,1
160309_02,1
160309_02,1
160309_02,1
160309_02,1
160309_02,1
160309_02,1
160309_02,1
160309_02,1
160309_03,1
160309_03,1
160309_03,1
160309_03,1
160309_03,1
160309_03,1
160309_03,1
160309_03,1
160309_03,1
160309_03,1
160309_03,1
160309_03,1
160309_03,1
160309_03,1
160309_03,1
160309_03,1
160309_03,1
160309_03,1
160310_01,1
160310_01,1
160310_01,1
160310_01,1
160310_01,1
160310_01,1
160310_01,1
160310_01,1
160310_01,1
160310_01,1
160310_01,1
160310_01,1
160310_01,1
160310_01,1
160310_01,1
160310_01,1
160310_01,1
160310_01,1
160310_02,2
160310_02,2
160310_02,2
160310_02,2
160310_02,2
160310_02,2
160310_02,2
160310_02,2
160310_02,2
160310_02,2
160310_02,2
160310_02,2
160310_02,2
160310_02,2
160310_02,2
160310_02,2
160310_02,2
160310_02,2
160310_03,1
160310_03,1
160310_03,1
160310_03,1
160310_03,1
160310_03,1
160310_03,1
160310_03,1
160310_03,1
160310_03,1
160310_03,1
160310_03,1
160310_03,1
160310_03,1
160310_03,1
160310_03,1
160310_03,1
160310_03,1
160310_04,2
160310_04,2
160310_04,2
160310_04,2
160310_04,2
160310_04,2
160310_04,2
160310_04,2
160310_04,2
160310_04,2
160310_04,2
160310_04,2
160310_04,2
160310_04,2
160310_04,2
160310_04,2
160310_04,2
160310_04,2
160313_1,1
160313_1,1
160313_1,1
160313_1,1
160313_1,1
160313_1,1
160313_1,1
160313_1,1
160313_1,1
160313_1,1
160313_1,1
160313_1,1
160313_1,1
160313_1,1
160313_1,1
160313_1,1
160313_1,1
160313_1,1
160313_01,1
160313_01,1
160313_01,1
160313_01,1
160313_01,1
160313_01,1
160313_01,1
160313_01,1
160313_01,1
160313_01,1
160313_01,1
160313_01,1
160313_01,1
160313_01,1
160313_01,1
160313_01,1
160313_01,1
160313_01,1
160313_04,2
160313_04,2
160313_04,2
160313_04,2
160313_04,2
160313_04,2
160313_04,2
160313_04,2
160313_04,2
160313_04,2
160313_04,2
160313_04,2
160313_04,2
160313_04,2
160313_04,2
160313_04,2
160313_04,2
160313_04,2
160313_04,2
160313_04,2
160313_04,2
160313_04,2
160313_04,2
160313_04,2
160313_04,2
160313_04,2
160313_04,2
160313_04,2
160313_04,2
160313_04,2
160313_04,2
160313_04,2
160313_04,2
160313_04,2
160313_04,2
160313_04,2
160315_01,1
160315_01,1
160315_01,1
160315_01,1
160315_01,1
160315_01,1
160315_01,1
160315_01,1
160315_01,1
160315_01,1
160315_01,1
160315_01,1
160315_01,1
160315_01,1
160315_01,1
160315_01,1
160315_01,1
160315_01,1
160315_02,2
160315_02,2
160315_02,2
160315_02,2
160315_02,2
160315_02,2
160315_02,2
160315_02,2
160315_02,2
160315_02,2
160315_02,2
160315_02,2
160315_02,2
160315_02,2
160315_02,2
160315_02,2
160315_02,2
160315_02,2
160316_01,1
160316_01,1
160316_01,1
160316_01,1
160316_01,1
160316_01,1
160316_01,1
160316_01,1
160316_01,1
160316_01,1
160316_01,1
160316_01,1
160316_01,1
160316_01,1
160316_01,1
160316_01,1
160316_01,1
160316_01,1
160316_2,2
160316_2,2
160316_2,2
160316_2,2
160316_2,2
160316_2,2
160316_2,2
160316_2,2
160316_2,2
160316_2,2
160316_2,2
160316_2,2
160316_2,2
160316_2,2
160316_2,2
160316_2,2
160316_2,2
160316_2,2
160316_03,1
160316_03,1
160316_03,1
160316_03,1
160316_03,1
160316_03,1
160316_03,1
160316_03,1
160316_03,1
160316_03,1
160316_03,1
160316_03,1
160316_03,1
160316_03,1
160316_03,1
160316_03,1
160316_03,1
160316_03,1
160316_04,2
160316_04,2
160316_04,2
160316_04,2
160316_04,2
160316_04,2
160316_04,2
160316_04,2
160318_01,1
160318_01,1
160318_01,1
160318_01,1
160318_01,1
160318_01,1
160318_01,1
160318_01,1
160318_01,1
160318_01,1
160318_01,1
160318_01,1
160318_01,1
160318_01,1
160318_01,1
160318_01,1
160318_01,1
160318_01,1
160320_01,1
160320_01,1
160320_01,1
160320_01,1
160320_01,1
160320_01,1
160320_01,1
160320_01,1
160320_01,1
160320_01,1
160320_01,1
160320_01,1
160320_01,1
160320_01,1
160320_01,1
160320_01,1
160320_01,1
160320_01,1
160320_02,2
160320_02,2
160320_02,2
160320_02,2
160320_02,2
160320_02,2
160320_02,2
160320_02,2
160320_02,2
160320_02,2
160320_02,2
160320_02,2
160320_02,2
160320_02,2
160320_02,2
160320_02,2
160320_02,2
160320_02,2
160320_03,1
160320_03,1
160320_03,1
160320_03,1
160320_03,1
160320_03,1
160320_03,1
160320_03,1
160320_03,1
160320_03,1
160320_03,1
160320_03,1
160320_03,1
160320_03,1
160320_03,1
160320_03,1
160320_03,1
160320_03,1
160320_04,2
160320_04,2
160320_04,2
160320_04,2
160320_04,2
160320_04,2
160320_04,2
160320_04,2
160320_04,2
160320_04,2
160320_04,2
160320_04,2
160320_04,2
160320_04,2
160320_04,2
160320_04,2
160320_04,2
160320_04,2
160322_01,1
160322_01,1
160322_01,1
160322_01,1
160322_01,1
160322_01,1
160322_01,1
160322_01,1
160322_01,1
160322_01,1
160322_01,1
160322_01,1
160322_01,1
160322_01,1
160322_01,1
160322_01,1
160322_01,1
160322_01,1
160323_01,1
160323_01,1
160323_01,1
160323_01,1
160323_01,1
160323_01,1
160323_01,1
160323_01,1
160323_01,1
160323_01,1
160323_01,1
160323_01,1
160323_01,1
160323_01,1
160323_01,1
160323_01,1
160323_01,1
160323_01,1
160323_02,2
160323_02,2
160323_02,2
160323_02,2
160323_02,2
160323_02,2
160323_02,2
160323_02,2
160323_02,2
160323_02,2
160323_02,2
160323_02,2
160323_02,2
160323_02,2
160323_02,2
160323_02,2
160323_02,2
160323_02,2
160323_03,1
160323_03,1
160323_03,1
160323_03,1
160323_03,1
160323_03,1
160323_03,1
160323_03,1
160323_03,1
160323_03,1
160323_03,1
160323_03,1
160323_03,1
160323_03,1
160323_03,1
160323_03,1
160323_03,1
160323_03,1
160323_03,1
160323_03,1
160323_03,1
160323_03,1
160323_03,1
160323_03,1
160323_03,1
160323_03,1
160323_03,1
160323_03,1
160323_03,1
160323_03,1
160323_03,1
160323_03,1
160323_03,1
160323_03,1
160323_03,1
160323_03,1
160323_03,1
160323_03,1
160325_01,1
160325_01,1
160325_01,1
160325_01,1
160325_01,1
160325_01,1
160325_01,1
160325_01,1
160325_01,1
160325_01,1
160325_01,1
160325_01,1
160325_01,1
160325_01,1
160325_01,1
160325_01,1
160325_01,1
160325_01,1
160325_02,2
160325_02,2
160325_02,2
160325_02,2
160325_02,2
160325_02,2
160325_02,2
160325_02,2
160325_02,2
160325_02,2
160325_02,2
160325_02,2
160325_02,2
160325_02,2
160325_02,2
160325_02,2
160325_02,2
160325_02,2
160327_01,1
160327_01,1
160328_01,1
160328_01,1
160328_01,1
160328_01,1
160328_01,1
160328_01,1
160328_01,1
160328_01,1
160328_01,1
160328_01,1
160328_01,1
160328_01,1
160328_01,1
160328_01,1
160328_01,1
160328_01,1
160328_01,1
160328_01,1
160330_1,1
160330_1,1
160330_1,1
160330_1,1
160330_1,1
160330_1,1
160330_1,1
160330_1,1
160330_1,1
160330_1,1
160330_1,1
160330_1,1
160330_1,1
160330_1,1
160330_1,1
160330_1,1
160330_1,1
160330_1,1
160330_02,2
160330_02,2
160330_02,2
160330_02,2
160330_02,2
160330_02,2
160330_02,2
160330_02,2
160330_02,2
160330_02,2
160330_02,2
160330_02,2
160330_02,2
160330_02,2
160330_02,2
160330_02,2
160330_02,2
160330_02,2
160331-01,1
160331-01,1
160331-01,1
160331-01,1
160331-01,1
160331-01,1
160331-01,1
160331-01,1
160331-01,1
160331-01,1
160331-01,1
160331-01,1
160331-01,1
160331-01,1
160331-01,1
160331-01,1
160331-01,1
160331-01,1
160331_01,1
160331_01,1
160331_01,1
160331_01,1
160331_01,1
160331_01,1
160331_01,1
160331_01,1
160331_01,1
160331_01,1
160331_01,1
160331_01,1
160331_01,1
160331_01,1
160331_01,1
160331_01,1
160331_01,1
160331_01,1
160331_02,2
160331_02,2
160331_02,2
160331_02,2
160331_02,2
160331_02,2
160331_02,2
160331_02,2
160331_02,2
160331_02,2
160331_02,2
160331_02,2
160331_02,2
160331_02,2
160331_02,2
160331_02,2
160331_02,2
160331_02,2
160402_01,1
160402_01,1
160402_01,1
160402_02,2
160402_02,2
160402_02,2
160402_02,2
160402_02,2
160402_02,2
160402_02,2
160402_02,2
160402_02,2
160402_02,2
160402_02,2
160402_02,2
160402_02,2
160402_02,2
160402_02,2
160402_02,2
160402_02,2
160402_02,2
160402_03,1
160402_03,1
160402_03,1
160402_03,1
160402_03,1
160402_03,1
160402_03,1
160402_03,1
160402_03,1
160402_03,1
160402_03,1
160402_03,1
160402_03,1
160402_03,1
160402_03,1
160402_03,1
160402_03,1
160402_03,1
160406_01,1
160406_01,1
160406_01,1
160406_01,1
160406_01,1
160406_01,1
160406_01,1
160406_01,1
160406_01,1
160406_01,1
160406_01,1
160406_01,1
160406_01,1
160406_01,1
160406_01,1
160406_01,1
160406_01,1
160406_01,1
160406_02,2
160406_02,2
160406_02,2
160406_02,2
160406_02,2
160406_02,2
160406_02,2
160406_02,2
160406_02,2
160406_02,2
160406_02,2
160406_02,2
160406_02,2
160406_02,2
160406_02,2
160406_02,2
160406_02,2
160406_02,2
160406_03,1
160406_03,1
160406_03,1
160406_03,1
160406_03,1
160406_03,1
160406_03,1
160406_03,1
160406_03,1
160406_03,1
160406_03,1
160406_03,1
160406_03,1
160406_03,1
160406_03,1
160406_03,1
160406_03,1
160406_03,1
160406_04,2
160406_04,2
Test,1
Test,1
Test,1
Test,1
Test,1
Test,1
Test,1
Test,1
160426-01 test,2
160426-01 test,2
042516-01,1
042516-01,1
042516-01,1
042516-01,1
042516-01,1
042516-01,1
042516-01,1
042516-01,1
042516-01,1
042516-01,1
042516-01,1
042516-01,1
042516-01,1
042516-01,1
042516-01,1
042516-01,1
042516-01,1
042516-01,1
160511-01,1
160511-01,1
160511-01,1
160511-01,1
160511-01,1
160511-01,1
160511-01,1
160511-01,1
160511-01,1
160511-01,1
160511-01,1
160511-01,1
160511-01,1
160511-01,1
160511-01,1
160511-01,1
160511-01,1
160511-01,1
160511-02,2
160511-02,2
160511-02,2
160511-02,2
160511-02,2
160511-02,2
160511-02,2
160511-02,2
160511-02,2
160511-02,2
160511-02,2
160511-02,2
160511-02,2
160511-02,2
160511-02,2
160511-02,2
160511-02,2
160511-02,2
161105-03,1
161105-03,1
161105-03,1
161105-03,1
161105-03,1
161105-03,1
161105-03,1
161105-03,1
161105-03,1
161105-03,1
161105-03,1
161105-03,1
161105-03,1
161105-03,1
161105-03,1
161105-03,1
161105-03,1
161105-03,1
160511-04,1
160511-04,1
160511-04,1
160511-04,1
160511-04,1
160511-04,1
160511-04,1
160511-04,1
160511-04,1
160511-04,1
160511-04,1
160511-04,1
160511-04,1
160511-04,1
160511-04,1
160511-04,1
160511-04,1
160511-04,1
18-05-16-01,1
18-05-16-01,1
18-05-16-01,1
18-05-16-01,1
18-05-16-01,1
18-05-16-01,1
18-05-16-01,1
18-05-16-01,1
18-05-16-01,1
18-05-16-01,1
18-05-16-01,1
18-05-16-01,1
18-05-16-01,1
18-05-16-01,1
18-05-16-01,1
18-05-16-01,1
18-05-16-01,1
18-05-16-01,1
18-05-16-02,2
18-05-16-02,2
18-05-16-02,2
18-05-16-02,2
18-05-16-02,2
18-05-16-02,2
18-05-16-02,2
18-05-16-02,2
18-05-16-02,2
18-05-16-02,2
18-05-16-02,2
18-05-16-03,1
18-05-16-03,1
18-05-16-03,1
18-05-16-03,1
18-05-16-03,1
18-05-16-03,1
18-05-16-03,1
18-05-16-03,1
18-05-16-03,1
18-05-16-03,1
18-05-16-03,1
18-05-16-03,1
18-05-16-03,1
18-05-16-03,1
18-05-16-03,1
18-05-16-03,1
18-05-16-03,1
18-05-16-03,1
test,1
erica_test,2
erica_test,2
erica_test,2
180124_test1,1
180124_test1,1
180124_test1,1
180124_test1,1
180124_test1,1
180124_test1,1
180124_test1,1
180124_test1,1
180124_test1,1
180124_test1,1
180124_test1,1
180124_test1,1
180124_test1,1
180124_test1,1
180124_test1,1
180124_test1,1
180124_test1,1
180124_test1,1
180124_test2,2
180124_test2,2
180124_test2,2
180124_test2,2
180124_test2,2
180124_test2,2
180124_test2,2
180124_test2,2
180124_test2,2
180124_test2,2
180124_test2,2
180124_test2,2
180124_test2,2
180124_test2,2
180124_test2,2
180124_test2,2
180124_test2,2
180124_test2,2
180125_1,1
180125_1,1
180125_1c,2
180125_1c,2
180125_1c,2
180125_test2,1
180125_test2,1
180125_test2,1
180125_test2,1
180125_test2,1
180125_test2,1
180125_test2,1
180125_test2,1
180125_test2,1
180125_test2,1
180125_test2,1
180125_test2,1
180125_test2,1
180125_test2,1
180125_test2,1
180125_test2,1
180125_test2,1
180125_test2,1
180125_2,2
180125_2,2
180125_2,2
180125_2,2
180125_2,2
180125_2,2
180125_2,2
180125_2,2
180125_2,2
180125_2,2
180125_2,2
180125_2,2
180125_2,2
180125_2,2
180125_2,2
180125_2,2
180125_2,2
180125_2,2
180125_3,1
180125_3,1
180125_3,1
180125_3,1
180125_3,1
180125_3,1
180125_3,1
180125_3,1
180125_3,1
180125_3,1
180125_3,1
180125_3,1
180125_3,1
180125_3,1
180125_3,1
180125_3,1
180125_3,1
180125_3,1
180125_4,1
180125_4,1
180125_4,1
180125_4,1
180125_4,1
180125_4,1
180125_4,1
180125_4,1
180125_4,1
180125_4,1
180125_4,1
180125_4,1
180125_4,1
180125_4,1
180125_4,1
180125_4,1
180125_4,1
180125_4,1
180125_5,2
180125_5,2
180125_5,2
180125_5,2
180125_5,2
180125_5,2
180125_5,2
180125_5,2
180125_5,2
180125_5,2
180125_5,2
180125_5,2
180125_5,2
180125_5,2
180125_5,2
180125_5,2
180125_5,2
180125_5,2
180126_1,1
180126_1,1
180126_1,1
180126_1,1
180126_1,1
180126_1,1
180126_1,1
180126_1,1
180126_1,1
180126_1,1
180126_1,1
180126_1,1
180126_1,1
180126_1,1
180126_1,1
180126_1,1
180126_1,1
180126_1,1
180126_1,2
180126_1,2
180126_1,2
180126_1,2
180126_1,2
180126_1,2
180126_1,2
180126_1,2
180126_3,1
180126_3,1
180126_3,1
180126_3,1
180126_3,1
180126_3,1
180126_3,1
180126_3,1
180126_3,1
180126_3,1
180126_3,1
180126_3,1
180126_3,1
180126_3,1
180126_3,1
180126_3,1
180126_3,1
180126_3,1
180126_4,1
180126_4,1
180126_4,1
180126_4,1
180126_4,1
180126_4,1
180126_4,1
180126_4,1
180126_4,1
180126_4,1
180126_4,1
180126_4,1
180126_4,1
180126_4,1
180126_4,1
180126_4,1
180126_4,1
180126_4,1
Test,1
180201_1,1
180201_1,1
180201_1,1
180201_1,1
180201_1,1
180201_1,1
180201_1,1
180201_1,1
180201_1,1
180201_1,1
180201_1,1
180201_1,1
180201_1,1
180201_1,1
180201_1,1
180201_1,1
180201_1,1
180201_1,1
180201_2,2
180201_2second,2
Test,1
Test,1
Test,1
Test,1
Test,1
Test,1
Test,1
Test,1
Test,1
Test,1
Test,1
Test,1
Test,1
Test,1
Test,1
Test,1
Test,1
Test,1
180206_1,2
180206_1,2
180206_1,2
180206_1,2
180206_1,2
180206_1,2
180206_1,2
180206_1,2
180206_1,2
180206_1,2
180206_1,2
180206_1,2
180206_1,2
180206_1,2
180206_1,2
180206_1,2
180206_1,2
180206_1,2
180207_2,1
180207_2,1
180207_2,1
180207_2,1
180207_2,1
180207_2,1
180207_2,1
180207_2,1
180207_2,1
180207_2,1
180207_3,2
180207_3,2
180207_3,2
180207_3,2
180207_3,2
180207_3,2
180207_3,2
180207_3,2
180207_3,2
180207_3,2
180207_3,2
180207_3,2
180207_3,2
180207_3,2
180207_3,2
180207_3,2
180207_3,2
180207_3,2
180208_2,1
180208_2,1
180208_2,1
180208_2,1
180208_2,1
180208_2,1
180208_2,1
180208_2,1
180208_2,1
180208_2,1
180208_2,1
180208_2,1
180208_2,1
180208_2,1
180208_2,1
180208_2,1
180208_2,1
180208_2,1
180208_3,2
180208_3,2
180208_3,2
180208_3,2
180208_3,2
180208_3,2
180208_3,2
180208_3,2
180208_3,2
180208_3,2
180208_3,2
180208_3,2
180208_3,2
180208_3,2
180208_3,2
180208_3,2
180208_3,2
180208_3,2
180208_4,1
180208_4,1
180208_4,1
180208_4,1
180208_4,1
180208_4,1
180208_4,1
180208_4,1
180208_4,1
180208_4,1
180208_4,1
180208_4,1
180208_4,1
180208_4,1
180208_5,1
180208_5,1
180208_5,1
180208_5,1
180208_5,1
180208_5,1
180208_5,1
180208_5,1
180208_5,1
180208_5,1
180208_5,1
180208_5,1
180208_5,1
180208_5,1
180208_5,1
180208_5,1
180208_5,1
180208_5,1
180209_1,1
180209_1,1
180209_1,1
180209_1,1
180209_1,1
180209_1,1
180209_1,1
180209_1,1
180209_1,1
180209_1,1
180209_1,1
180209_1,1
180209_1,1
180209_1,1
180209_1,1
180209_1,1
180209_1,1
180209_1,1
180209_2,2
180209_2,2
180209_2,2
180209_2,2
180209_2,2
180209_2,2
180209_2,2
180209_2,2
180209_2,2
180209_2,2
180209_2,2
180209_2,2
180209_2,2
180209_2,2
180209_2,2
180209_2,2
180209_2,2
180209_2,2
180209_3,1
180209_3,1
180209_3,1
180209_3,1
180209_3,1
180209_3,1
180209_3,1
180209_3,1
180209_3,1
180209_3,1
180209_3,1
180209_3,1
180209_3,1
180209_3,1
180209_3,1
180209_3,1
180209_3,1
180209_3,1
180209_4,1
180209_4,1
180209_4,1
180209_4,1
180209_4,1
180209_4,1
180209_4,1
180209_4,1
180209_4,1
180209_4,1
180209_4,1
180209_4,1
180209_4,1
180209_4,1
180209_4,1
180209_4,1
180209_4,1
180209_4,1
180209_5,1
180209_5,1
180209_5,1
180209_5,1
180209_5,1
180209_5,1
180209_5,1
180209_5,1
180209_5,1
180209_5,1
180209_5,1
180209_5,1
180209_5,1
180209_5,1
180209_6,2
180209_6,2
180209_6,2
180209_6,2
180209_6,2
180209_6,2
180209_6,2
180209_6,2
180209_6,2
180209_6,2
180209_6,2
180209_6,2
180209_6,2
180209_6,2
180209_6,2
180209_6,2
180209_6,2
180209_6,2
180214_1,1
180214_1,1
180214_1,1
180214_1,1
180214_1,1
180214_1,1
180214_1,1
180214_1,1
180214_1,1
180214_1,1
180214_1,1
180214_1,1
180214_1,1
180214_1,1
180214_1,1
180214_1,1
180214_1,1
180214_1,1
180214_2b,1
180214_2b,1
180214_2b,1
180214_2b,1
180214_2b,1
180214_2b,1
180214_2b,1
180214_2b,1
180214_2b,1
180214_2b,1
180214_2b,1
180214_2b,1
180214_2b,1
180214_2b,1
180214_2b,1
180214_2b,1
180214_2b,1
180214_2b,1
180214_3,1
180214_3,1
180214_3,1
180214_3,1
180214_3,1
180214_3,1
180214_3,1
180214_3,1
180214_3,1
180214_3,1
180214_3,1
180214_3,1
180214_3,1
180214_3,1
180214_3,1
180214_3,1
180214_3,1
180214_3,1
180214_4,2
180214_4,2
180214_4,2
180214_4,2
180214_4,2
180214_4,2
180214_4,2
180214_4,2
180214_4,2
180214_4,2
180214_4,2
180214_4,2
180214_4,2
180214_4,2
180214_4,2
180214_4,2
180214_4,2
180214_4,2
180214_5,1
180214_5,1
180214_5,1
180214_5,1
180214_5,1
180214_5,1
180214_5,1
180214_5,1
180214_5,1
180214_5,1
180214_5,1
180214_5,1
180214_5,1
180214_5,1
180214_5,1
180214_5,1
180214_5,1
180214_5,1
180215_1,1
180215_1,1
180215_1,1
180215_1,1
180215_1,1
180215_1,1
180215_1,1
180215_1,1
180215_1,1
180215_1,1
180215_1,1
180215_1,1
180215_1,1
180215_1,1
180215_1,1
180215_1,1
180215_1,1
180215_1,1
180215_2,2
180215_2,2
180215_2,2
180215_2,2
180215_2,2
180215_2,2
180215_2,2
180215_2,2
180215_2,2
180215_2,2
180215_2,2
180215_2,2
180215_2,2
180215_2,2
180215_2,2
180215_2,2
180215_2,2
180215_2,2
180215_3,1
180215_3,1
180215_3,1
180215_3,1
180215_3,1
180215_3,1
180215_3,1
180215_3,1
180215_3,1
180215_3,1
180215_3,1
180215_3,1
180215_3,1
180215_3,1
180215_3,1
180215_3,1
180215_3,1
180215_3,1
180215_4,1
180215_4,1
180215_4,1
180215_4,1
180215_4,1
180215_4,1
180215_4,1
180215_4,1
180215_4,1
180215_4,1
180215_4,1
180215_4,1
180215_4,1
180215_4,1
180215_4,1
180215_4,1
180215_4,1
180215_4,1
180216_1,1
180216_1,1
180216_1,1
180216_1,1
180216_1,1
180216_1,1
180216_1,1
180216_1,1
180216_1,1
180216_1,1
180216_1,1
180216_1,1
180216_1,1
180216_1,1
180216_1,1
180216_1,1
180216_1,1
180216_1,1
180216_2,2
180216_2,2
180216_2,2
180216_2,2
180216_2,2
180216_2,2
180216_2,2
180216_2,2
180216_2,2
180216_2,2
180216_2,2
180216_2,2
180216_2,2
180216_2,2
180216_2,2
180216_2,2
180216_2,2
180216_2,2
180216_3,1
180216_3,1
180216_3,1
180216_3,1
180216_3,1
180216_3,1
180216_3,1
180216_3,1
180216_3,1
180216_3,1
180216_3,1
180216_3,1
180216_3,1
180216_3,1
180216_3,1
180216_3,1
180216_4,1
180216_4,1
180216_4,1
180216_4,1
180216_4,1
180216_4,1
180216_4,1
180216_4,1
180216_4,1
180216_4,1
180216_4,1
180216_4,1
180216_4,1
180216_4,1
180216_4,1
180216_4,1
180216_4,1
180216_4,1
180216_5dryrun,2
180216_5dryrun,2
180216_5dryrun,2
180216_5dryrun,2
180216_5dryrun,2
180216_5dryrun,2
180216_5dryrun,2
180216_5dryrun,2
180216_5dryrun,2
180216_5dryrun,2
180216_5dryrun,2
180216_5dryrun,2
180216_5dryrun,2
180216_5dryrun,2
180216_5dryrun,2
180216_5dryrun,2
180216_5dryrun,2
180216_5dryrun,2
180221_1,1
180221_1,1
180221_1,1
180221_1,1
180221_1,1
180221_1,1
180221_1,1
180221_1,1
180221_1,1
180221_1,1
180221_1,1
180221_1,1
180221_1,1
180221_1,1
180221_1,1
180221_1,1
180221_1,1
180221_1,1
180221_2,2
180221_2,2
180221_2,2
180221_2,2
180221_2,2
180221_2,2
180221_2,2
180221_2,2
180221_2,2
180221_2,2
180221_2,2
180221_2,2
180221_2,2
180221_2,2
180221_2,2
180221_2,2
180221_2,2
180221_2,2
180221_3,1
180221_3,1
180221_3,1
180221_3,1
180221_3,1
180221_3,1
180221_3,1
180221_3,1
180221_3,1
180221_3,1
180221_3,1
180221_3,1
180221_3,1
180221_3,1
180221_3,1
180221_3,1
180221_3,1
180221_3,1
180221_4,1
180221_4,1
180221_4,1
180221_4,1
180221_4,1
180221_4,1
180221_4,1
180221_4,1
180221_4,1
180221_4,1
180221_4,1
180221_4,1
180221_4,1
180221_4,1
180221_4,1
180221_5,1
180221_5,1
180221_5,1
180221_5,1
180221_5,1
180221_5,1
180221_5,1
180221_5,1
180221_5,1
180221_5,1
180221_5,1
180221_5,1
180221_5,1
180221_5,1
180221_5,1
180221_5,1
180221_5,1
180221_5,1
180221_6,1
180221_6,1
180221_6,1
180221_6,1
180221_6,1
180221_6,1
180221_6,1
180221_6,1
180221_6,1
180221_6,1
180221_6,1
180221_6,1
180221_6,1
180221_6,1
180221_6,1
180221_6,1
180221_6,1
180221_6,1
180221_7,2
180221_7,2
180221_7,2
180221_7,2
180221_7,2
180221_7,2
180221_7,2
180221_7,2
180221_7,2
180221_7,2
180221_7,2
180221_7,2
180221_7,2
180221_7,2
180221_7,2
180221_7,2
180221_7,2
180221_7,2
180222_1,1
180222_1,1
180222_1,1
180222_1,1
180222_1,1
180222_1,1
180222_1,1
180222_1,1
180222_1,1
180222_1,1
180222_1,1
180222_1,1
180222_1,1
180222_1,1
180222_1,1
180222_1,1
180222_1,1
180222_1,1
180222_2,2
180222_2,2
180222_2,2
180222_2,2
180222_2,2
180222_2,2
180222_2,2
180222_2,2
180222_2,2
180222_2,2
180222_2,2
180222_2,2
180222_2,2
180222_2,2
180222_2,2
180222_2,2
180222_2,2
180222_2,2
180222_3,1
180222_3,1
180222_3,1
180222_3,1
180222_3,1
180222_3,1
180222_3,1
180222_3,1
180222_3,1
180222_3,1
180222_3,1
180222_3,1
180222_3,1
180222_3,1
180222_3,1
180222_3,1
180222_3,1
180222_3,1
180222_4,1
180222_4,1
180222_4,1
180222_4,1
180222_4,1
180222_4,1
180222_4,1
180222_4,1
180222_4,1
180222_4,1
180222_4,1
180222_4,1
180222_4,1
180222_4,1
180222_4,1
180222_4,1
180222_4,1
180222_4,1
180222_5,2
180222_5,2
180222_5,2
180222_5,2
180222_5,2
180222_5,2
180222_5,2
180222_5,2
180222_5,2
180222_5,2
180222_5,2
180222_5,2
180222_5,2
180222_5,2
180222_5,2
180222_5,2
180222_5,2
180222_5,2
180222_6,1
180222_6,1
180222_6,1
180222_6,1
180222_6,1
180222_6,1
180222_6,1
180222_6,1
180222_6,1
180222_6,1
180222_6,1
180222_6,1
180222_6,1
180222_6,1
180222_6,1
180222_6,1
180222_6,1
180222_6,1
180222test,1
180222test,1
180222test,1
180223_1,1
180223_1,1
180223_1,1
180223_1,1
180223_1,1
180223_1,1
180223_1,1
180223_1,1
180223_1,1
180223_1,1
180223_1,1
180223_1,1
180223_1,1
180223_1,1
180223_1,1
180223_1,1
180223_1,1
180223_1,1
180223dryrun,1
180223dryrun,1
180223dryrun,1
180223dryrun,1
180223dryrun,1
180223dryrun,1
180223dryrun,1
180223_2,2
180223_2,2
180223_2,2
180223_2,2
180223_2,2
180223_2,2
180223_2,2
180223_2,2
180223_2,2
180223_2,2
180223_2,2
180223_2,2
180223_2,2
180223_2,2
180223_2,2
180223_2,2
180223_2,2
180223_2,2
180223_3,1
180223_3,1
180223_3,1
180223_3,1
180223_3,1
180223_3,1
180223_3,1
180223_3,1
180223_4,1
180223_4,1
180223_4,1
180223_4,1
180223_4,1
180223_4,1
180223_4,1
180223_4,1
180223_4,1
180223_4,1
180223_4,1
180223_4,1
180223_4,1
180223_4,1
180223_4,1
180223_4,1
180223_4,1
180223_4,1
180301_1,1
180301_1,1
180301_1,1
180301_1,1
180301_1,1
180301_1,1
180301_1,1
180301_1,1
180301_1,1
180301_1,1
180301_1,1
180301_1,1
180301_1,1
180301_1,1
180301_1,1
180301_1,1
180301_1,1
180301_1,1
180302_2,1
180302_2,1
180302_2,1
180302_2,1
180302_2,1
180302_2,1
180302_2,1
180302_2,1
180302_2,1
180302_2,1
180302_2,1
180302_2,1
180302_2,1
180302_2,1
180302_2,1
180302_2,1
180302_2,1
180302_2,1
180302_2,2
180302_2,2
180302_2,2
180302_2,2
180302_2,2
180302_2,2
180302_2,2
180302_2,2
180302_2,2
180302_2,2
180302_2,2
180302_2,2
180302_2,2
180302_2,2
180302_2,2
180302_2,2
180302_2,2
180302_2,2
180302_3,1
180302_3,1
180302_3,1
180302_3,1
180302_3,1
180302_3,1
180302_3,1
180302_3,1
180302_3,1
180302_3,1
180302_3,1
180302_3,1
180302_3,1
180302_3,1
180302_3,1
180302_3,1
180302_3,1
180302_4,1
180302_4,1
180302_4,1
180302_4,1
180302_4,1
180302_4,1
180302_4,1
180302_4,1
180302_4,1
180302_4,1
180302_4,1
180302_4,1
180302_4,1
180302_4,1
180302_4,1
180302_4,1
180302_4,1
180302_4,1
180302_5,1
180302_5,1
180302_5,1
180302_5,1
180302_5,1
180302_5,1
180302_5,1
180302_5,1
180302_5,1
180302_5,1
180302_5,1
180302_5,1
180302_5,1
180302_5,1
180302_5,1
180302_5,1
180302_5,1
180302_5,1
180302_6,2
180302_6,2
180302_6,2
180302_6,2
180302_6,2
180302_6,2
180302_6,2
180302_6,2
180302_6,2
180302_6,2
180302_6,2
180302_6,2
180302_6,2
180302_6,2
180302_6,2
180302_6,2
180302_6,2
180302_6,2
180302_6,2
180302_6,2
180302_6,2
180302_6,2
180302_6,2
180302_6,2
180302_6,2
180302_6,2
180302_6,2
180302_6,2
180302_6,2
180302_6,2
180302_6,2
180302_6,2
180302_6,2
180302_6,2
180302_6,2
180302_6,2